delta,Eigenvalue_0,Eigenvalue_1,Eigenvalue_2,Eigenvalue_3,GroundStateWaveFunction
0,[-8.2569899  -8.22548439 -8.4442137  -8.4442137 ],"[ 2.72580237e-16+1.64489571e-17j  4.60591054e-03+3.81617960e-04j
 -2.66171594e-16+4.82193856e-16j ... -1.08028186e-15-5.60370094e-16j
  4.60591054e-03+3.81617960e-04j  1.48905033e-15-1.95293727e-16j]"
