delta,Eigenvalue_0,Eigenvalue_1,Eigenvalue_2,Eigenvalue_3,GroundStateWaveFunction
0,[-8.16066015 -8.34398934 -8.34398934 -8.07236731],"[ 3.39426480e-16-2.48837065e-15j -2.71412379e-03+4.39364054e-03j
  2.03463543e-15+4.31496131e-16j ... -8.32091794e-16+6.86605080e-15j
 -2.71412379e-03+4.39364054e-03j -1.67280107e-15-1.25740968e-15j]"
